<?xml version="1.0" encoding="UTF-8"?>
<project-private xmlns="http://www.netbeans.org/ns/project-private/1">
    <editor-bookmarks xmlns="http://www.netbeans.org/ns/editor-bookmarks/2" lastBookmarkId="0"/>
    <open-files xmlns="http://www.netbeans.org/ns/projectui-open-files/2">
        <group>
            <file>file:/C:/Users/Estuardo%20Melgar/OneDrive/Escritorio/cuarto%20semestre/progra%202/conexionprueba/src/MODULOVENTAS/productos.java</file>
            <file>file:/C:/Users/Estuardo%20Melgar/OneDrive/Escritorio/cuarto%20semestre/progra%202/conexionprueba/src/MODULOVENTAS/ventas.java</file>
            <file>file:/C:/Users/Estuardo%20Melgar/OneDrive/Escritorio/cuarto%20semestre/progra%202/conexionprueba/src/MODULOVENTAS/factura.java</file>
            <file>file:/C:/Users/Estuardo%20Melgar/OneDrive/Escritorio/cuarto%20semestre/progra%202/conexionprueba/src/conexionprueba/Conexionprueba.java</file>
            <file>file:/C:/Users/Estuardo%20Melgar/OneDrive/Escritorio/cuarto%20semestre/progra%202/conexionprueba/src/MODULOVENTAS/productos2.java</file>
            <file>file:/C:/Users/Estuardo%20Melgar/OneDrive/Escritorio/cuarto%20semestre/progra%202/conexionprueba/src/MODULOVENTAS/clientes.java</file>
            <file>file:/C:/Users/Estuardo%20Melgar/OneDrive/Escritorio/cuarto%20semestre/progra%202/conexionprueba/src/MODULOVENTAS/inicio_secion.java</file>
        </group>
    </open-files>
</project-private>
